system:index,B11,B12,B2,B3,B4,B5,B6,B7,B8,B8A,EVI,GMW_mangrove,NDMI,NDVI,NDWI,WorldCover,fold,label,latitude,longitude,n_scenes,region,.geo
0_1_2,0.0902,0.0386,0.0274,0.0558,0.0301,0.1029,0.2421,0.272,0.2868,0.2995,0.5085585228623504,1,0.5214854111405836,0.8100347112653833,-0.6742556917688265,95,Sundarbans,1,22.05693138109298,89.23502181183808,37,Sundarbans,"{""type"":""Point"",""coordinates"":[89.23502181183808,22.05693138109298]}"
0_1_6,0.07095,0.036,0.05555,0.07325,0.05885,0.09185,0.1661,0.1879,0.1919,0.19985,0.2947823197075441,1,0.46014837359710864,0.5306081754735793,-0.44748255704318307,95,Sundarbans,1,22.20098277842093,89.24467499585411,40,Sundarbans,"{""type"":""Point"",""coordinates"":[89.24467499585411,22.20098277842093]}"
0_1_11,0.0467,0.0298,0.0729,0.0821,0.0748,0.0942,0.0995,0.1126,0.1058,0.1004,0.07689636354616264,1,0.3875409836065574,0.1716500553709856,-0.12613092070250131,10,Sundarbans,1,22.186346016198033,88.68114710792649,29,Sundarbans,"{""type"":""Point"",""coordinates"":[88.68114710792649,22.186346016198033]}"
0_1_14,0.11065,0.0495,0.02105,0.05435,0.0332,0.1026,0.25565,0.30015,0.3139,0.3274,0.5178106956409453,1,0.47874219762101056,0.8087006626332469,-0.7048200950441276,95,Sundarbans,1,22.104079746281688,89.37759520442876,14,Sundarbans,"{""type"":""Point"",""coordinates"":[89.37759520442876,22.104079746281688]}"
0_1_23,0.12465,0.0796,0.06015,0.08585,0.07885,0.12035,0.16225,0.17605,0.17765,0.1841,0.20589767635719491,1,0.17532252729077077,0.3851851851851852,-0.34838709677419355,95,Sundarbans,1,21.76467745855989,88.50495423490305,16,Sundarbans,"{""type"":""Point"",""coordinates"":[88.50495423490305,21.76467745855989]}"
0_1_26,0.1014,0.0438,0.0242,0.0499,0.0331,0.0869,0.2263,0.2618,0.2766,0.2949,0.47054958645744765,1,0.46349206349206357,0.7862447529867613,-0.694333843797856,95,Sundarbans,1,22.144036806767108,89.20394504826274,27,Sundarbans,"{""type"":""Point"",""coordinates"":[89.20394504826274,22.144036806767108]}"
0_1_30,0.0854,0.0413,0.0281,0.0533,0.0339,0.0986,0.23065,0.2617,0.2645,0.28376666666666667,0.4585769399037506,1,0.5118605315804516,0.7727882037533513,-0.6645689112649464,95,Sundarbans,1,21.702510049312938,89.02636433815411,75,Sundarbans,"{""type"":""Point"",""coordinates"":[89.02636433815411,21.702510049312938]}"
0_1_34,0.09,0.0428,0.0152,0.0476,0.031,0.1013,0.2397,0.2743,0.2821,0.2923,0.4635920537626467,1,0.5162590701424349,0.8019801980198018,-0.7112526539278132,95,Sundarbans,1,21.865238710541444,89.33008948939278,15,Sundarbans,"{""type"":""Point"",""coordinates"":[89.33008948939278,21.865238710541444]}"
0_1_47,0.1024,0.0476,0.041,0.0601,0.0399,0.0916,0.2031,0.229,0.2393,0.2506,0.425631830601093,1,0.40064383962540245,0.7141833810888253,-0.5985303941215766,95,Sundarbans,1,22.142345220208313,89.30752253921813,39,Sundarbans,"{""type"":""Point"",""coordinates"":[89.30752253921813,22.142345220208313]}"
0_1_49,0.1063,0.0466,0.0136,0.04905,0.0284,0.09925,0.26645,0.31505,0.3257,0.3411,0.5331396599956962,1,0.5078703703703703,0.8395933352160407,-0.7382254836557706,95,Sundarbans,1,21.705617574328578,89.26709349057239,10,Sundarbans,"{""type"":""Point"",""coordinates"":[89.26709349057239,21.705617574328578]}"
0_1_51,0.0894,0.0503,0.0471,0.0638,0.051,0.0931,0.1657,0.186,0.1826,0.1962,0.28977848240630644,1,0.34264705882352947,0.5633561643835617,-0.4821428571428572,95,Sundarbans,1,21.90299066211729,88.89725805661524,33,Sundarbans,"{""type"":""Point"",""coordinates"":[88.89725805661524,21.90299066211729]}"
0_1_64,0.0819,0.0406,0.0381,0.0638,0.0383,0.0974,0.2133,0.2352,0.2441,0.2522,0.43302613306400706,1,0.49754601226993866,0.7287535410764874,-0.5855797336797662,95,Sundarbans,1,21.886750241996847,88.78004120144888,23,Sundarbans,"{""type"":""Point"",""coordinates"":[88.78004120144888,21.886750241996847]}"
0_1_73,0.08785,0.04055,0.016,0.046025,0.02441666666666667,0.09416666666666666,0.2339,0.2685,0.2839333333333333,0.291225,0.49509704169104357,1,0.5274129197113014,0.8416301821523159,-0.7210253819926759,95,Sundarbans,1,21.666295882429626,89.02692171470706,138,Sundarbans,"{""type"":""Point"",""coordinates"":[89.02692171470706,21.666295882429626]}"
0_1_74,0.0847,0.04535,0.04085,0.06395,0.0426,0.0981,0.1935,0.2187,0.22305,0.2306,0.38482864515578685,1,0.44955320877335503,0.6792772444946358,-0.5543554006968641,95,Sundarbans,1,21.838601548050633,88.80011200548694,26,Sundarbans,"{""type"":""Point"",""coordinates"":[88.80011200548694,21.838601548050633]}"
0_1_76,0.1021,0.05,0.0306,0.0576,0.0352,0.0983,0.2138,0.2402,0.242,0.2588,0.42248917218272447,1,0.40656785818076147,0.7460317460317459,-0.6154873164218959,95,Sundarbans,1,21.836034876055397,88.93047323636077,31,Sundarbans,"{""type"":""Point"",""coordinates"":[88.93047323636077,21.836034876055397]}"
0_1_82,0.095,0.0387,0.0226,0.0511,0.0311,0.0873,0.2441,0.2893,0.3125,0.3152,0.5291064981949458,1,0.5337423312883436,0.818975552968568,-0.718921892189219,95,Sundarbans,1,21.74526242878466,89.24450418149829,25,Sundarbans,"{""type"":""Point"",""coordinates"":[89.24450418149829,21.74526242878466]}"
0_1_98,0.1015,0.0456,0.0254,0.0598,0.0395,0.1076,0.2427,0.2794,0.2977,0.3065,0.4802112780836187,1,0.49148296593186375,0.7657176749703442,-0.6654545454545454,95,Sundarbans,1,21.92102547456184,89.32130556152464,15,Sundarbans,"{""type"":""Point"",""coordinates"":[89.32130556152464,21.92102547456184]}"
0_1_102,0.0991,0.0456,0.0439,0.0654,0.0437,0.0949,0.2092,0.2417,0.2397,0.2586,0.4178569905768985,1,0.41499409681227867,0.6916019760056458,-0.5712881022615537,95,Sundarbans,1,21.770128345755143,89.11221097320576,39,Sundarbans,"{""type"":""Point"",""coordinates"":[89.11221097320576,21.770128345755143]}"
0_1_109,0.0949,0.0496,0.0419,0.0638,0.0429,0.1057,0.2113,0.2344,0.2438,0.253,0.4231433506044905,1,0.43962208444050777,0.7007324729682595,-0.5851755526657998,95,Sundarbans,1,21.892558046670338,89.09459764700483,41,Sundarbans,"{""type"":""Point"",""coordinates"":[89.09459764700483,21.892558046670338]}"
0_1_111,0.0793,0.0358,0.0334,0.0546,0.0301,0.087,0.2165,0.251,0.2575,0.2685,0.4786965308184574,1,0.5290973871733967,0.7906815020862309,-0.650112143543736,95,Sundarbans,1,21.79097383801803,88.71973904520198,25,Sundarbans,"{""type"":""Point"",""coordinates"":[88.71973904520198,21.79097383801803]}"
0_1_113,0.1095,0.0502,0.0334,0.0569,0.038,0.0891,0.2103,0.248,0.2612,0.2738,0.45047226931460405,1,0.40922578904774753,0.7459893048128342,-0.6422508645080163,95,Sundarbans,1,22.04571090837519,88.91981407678021,27,Sundarbans,"{""type"":""Point"",""coordinates"":[88.91981407678021,22.04571090837519]}"
0_1_114,0.10935,0.0501,0.03525,0.0552,0.03955,0.08365,0.188,0.2203,0.22915,0.24095,0.3943181581848054,1,0.35391432791728206,0.705619650167473,-0.6117460875681379,95,Sundarbans,1,21.69434579109848,88.91971249829355,32,Sundarbans,"{""type"":""Point"",""coordinates"":[88.91971249829355,21.69434579109848]}"
0_1_117,0.1056,0.05215,0.0372,0.05865,0.0415,0.0963,0.20345,0.23105,0.24465,0.25555,0.41812456263121067,1,0.3970021413276231,0.7099423379346496,-0.6132542037586548,95,Sundarbans,1,21.75039143819443,89.09685811638913,34,Sundarbans,"{""type"":""Point"",""coordinates"":[89.09685811638913,21.75039143819443]}"
0_1_118,0.0659,0.0336,0.0262,0.051,0.0394,0.0861,0.1858,0.2089,0.214,0.2251,0.34811388467979903,1,0.5291175419792784,0.6890292028413575,-0.6150943396226415,95,Sundarbans,1,21.653643529952056,88.82409429750064,47,Sundarbans,"{""type"":""Point"",""coordinates"":[88.82409429750064,21.653643529952056]}"
0_1_119,0.0849,0.0373,0.0276,0.0538,0.0334,0.0921,0.2289,0.2704,0.2786,0.296,0.4819182389937107,1,0.5328748280605227,0.785897435897436,-0.6762936221419975,95,Sundarbans,1,21.972962525923712,88.83973092649295,23,Sundarbans,"{""type"":""Point"",""coordinates"":[88.83973092649295,21.972962525923712]}"
0_1_131,0.0834,0.0349,0.03395,0.0542,0.03105,0.09663333333333333,0.25025,0.28765,0.302,0.3118,0.5490708655034753,1,0.5672029060716139,0.8135415102837411,-0.6956765861875351,95,Sundarbans,1,21.980244265198976,88.948690136766,79,Sundarbans,"{""type"":""Point"",""coordinates"":[88.948690136766,21.980244265198976]}"
0_1_137,0.1157,0.0539,0.0413,0.0582,0.0401,0.0877,0.2045,0.235,0.252,0.2587,0.4478589846557045,1,0.37068262170247485,0.7254364943512496,-0.6247582205029013,95,Sundarbans,1,22.230371705440906,89.20018410351003,35,Sundarbans,"{""type"":""Point"",""coordinates"":[89.20018410351003,22.230371705440906]}"
0_1_144,0.1216,0.054,0.0166,0.043,0.0248,0.0792,0.2304,0.2815,0.2909,0.3102,0.5058166058394161,1,0.41042424242424247,0.8428888184985747,-0.7424378556454029,95,Sundarbans,1,21.70425239343231,89.2518695334229,11,Sundarbans,"{""type"":""Point"",""coordinates"":[89.2518695334229,21.70425239343231]}"
0_1_146,0.0856,0.0506,0.0441,0.0566,0.042,0.091,0.1737,0.198,0.2044,0.2204,0.3606804957135876,1,0.4096551724137931,0.6590909090909091,-0.5662835249042145,95,Sundarbans,1,21.833079098509746,89.32364246033268,11,Sundarbans,"{""type"":""Point"",""coordinates"":[89.32364246033268,21.833079098509746]}"
0_1_164,0.0937,0.03675,0.0347,0.05285,0.0314,0.08985,0.2505,0.29195,0.30815,0.31915,0.5596335840815336,1,0.5336568371282816,0.8150493299955824,-0.7072022160664819,95,Sundarbans,1,22.213714688146666,89.22855853762405,32,Sundarbans,"{""type"":""Point"",""coordinates"":[89.22855853762405,22.213714688146666]}"
0_1_173,0.1346,0.0789,0.0535,0.0713,0.0557,0.1088,0.2047,0.2415,0.2456,0.2593,0.4028255059182895,1,0.29195160441872703,0.6302688350481248,-0.5500157778479016,10,Sundarbans,1,22.030361693914003,88.68542087236675,21,Sundarbans,"{""type"":""Point"",""coordinates"":[88.68542087236675,22.030361693914003]}"
0_1_180,0.11945,0.05305,0.02945,0.05825,0.0339,0.0912,0.23235,0.27095,0.2802,0.29495,0.4876358668752104,1,0.4022269485800075,0.78414517669532,-0.655783719899542,95,Sundarbans,1,21.984179042074494,88.77465890233091,22,Sundarbans,"{""type"":""Point"",""coordinates"":[88.77465890233091,21.984179042074494]}"
0_1_181,0.0893,0.039,0.0292,0.05555,0.0324,0.09805,0.2429,0.28045,0.29455,0.29995,0.5160636245521476,1,0.5347140810212323,0.8018045572717541,-0.6826620965438447,95,Sundarbans,1,22.028035407065246,89.24004538227189,38,Sundarbans,"{""type"":""Point"",""coordinates"":[89.24004538227189,22.028035407065246]}"
0_1_188,0.1032,0.0684,0.05685,0.07675,0.0693,0.0973,0.14915,0.16375,0.16045,0.1738,0.19817371453418853,1,0.21714394083064673,0.3967355821545158,-0.3528667790893761,95,Sundarbans,1,21.656398370265446,88.91827317842471,46,Sundarbans,"{""type"":""Point"",""coordinates"":[88.91827317842471,21.656398370265446]}"
0_1_189,0.0697,0.033,0.0489,0.0674,0.047,0.0891,0.1779,0.2051,0.2021,0.2133,0.34702644650288633,1,0.4871228844738779,0.6226415094339623,-0.49981447124304257,95,Sundarbans,1,21.804434308935924,88.81846910171826,23,Sundarbans,"{""type"":""Point"",""coordinates"":[88.81846910171826,21.804434308935924]}"
0_1_194,0.0795,0.041,0.0541,0.0734,0.0561,0.0964,0.1697,0.1899,0.1817,0.1972,0.28223450631432295,1,0.39127105666156203,0.528174936921783,-0.4245393963151705,95,Sundarbans,1,22.085471292988046,88.85124945316083,23,Sundarbans,"{""type"":""Point"",""coordinates"":[88.85124945316083,22.085471292988046]}"
0_1_196,0.0893,0.0365,0.031,0.0586,0.0331,0.0949,0.2389,0.2788,0.2929,0.303,0.5158856235107228,1,0.532705389848247,0.7969325153374232,-0.6665718349928876,95,Sundarbans,1,21.871200558213808,88.91640845409941,31,Sundarbans,"{""type"":""Point"",""coordinates"":[88.91640845409941,21.871200558213808]}"
0_1_211,0.1116,0.0475,0.0421,0.069,0.0435,0.1029,0.2205,0.2553,0.2692,0.2833,0.4646136110996748,1,0.4138655462184873,0.7217780620402943,-0.5919574216439976,60,Sundarbans,1,21.84279693437823,88.52221651783421,25,Sundarbans,"{""type"":""Point"",""coordinates"":[88.52221651783421,21.84279693437823]}"
0_1_217,0.09528333333333333,0.0465,0.03965,0.0622,0.04173333333333333,0.0983,0.20985,0.23886,0.2497,0.2599,0.4322822479508339,1,0.4476061645490121,0.7135994509893631,-0.6011542160949022,95,Sundarbans,1,21.976317980656347,88.97041900357075,76,Sundarbans,"{""type"":""Point"",""coordinates"":[88.97041900357075,21.976317980656347]}"
0_1_218,0.0854,0.0353,0.0205,0.0412,0.0218,0.0817,0.224,0.262,0.274,0.2868,0.5039766596059311,1,0.5247634947134112,0.8526031102096012,-0.7385786802030456,95,Sundarbans,1,21.723634809995797,88.78817929007182,19,Sundarbans,"{""type"":""Point"",""coordinates"":[88.78817929007182,21.723634809995797]}"
0_1_222,0.0884,0.0415,0.0376,0.0606,0.0375,0.094,0.2192,0.2509,0.26105,0.2703,0.4641626178314854,1,0.4940620975819144,0.7487857980237816,-0.6231929115498213,95,Sundarbans,1,21.976332372574646,88.78515294664098,24,Sundarbans,"{""type"":""Point"",""coordinates"":[88.78515294664098,21.976332372574646]}"
0_1_224,0.1002,0.0492,0.0444,0.0626,0.0437,0.0979,0.1911,0.2185,0.2304,0.2407,0.4025094860296654,1,0.39382940108892917,0.6811382707041225,-0.5726962457337884,95,Sundarbans,1,21.86293737789967,88.63544014244636,25,Sundarbans,"{""type"":""Point"",""coordinates"":[88.63544014244636,21.86293737789967]}"
0_1_236,0.10765,0.0486,0.0188,0.0425,0.0226,0.08145,0.2327,0.27495,0.28045,0.30555,0.5055684090819967,1,0.4452460706003607,0.8508496947698398,-0.7368013624400062,95,Sundarbans,1,21.718788785221264,89.274559554314,12,Sundarbans,"{""type"":""Point"",""coordinates"":[89.274559554314,21.718788785221264]}"
0_1_238,0.1018,0.0511,0.04195,0.06365,0.0433,0.09775,0.20605,0.22875,0.24155,0.24655,0.4176409867492469,1,0.40701907674384735,0.6959803405301035,-0.5828964613368284,95,Sundarbans,1,22.056325278689798,89.31538909595454,40,Sundarbans,"{""type"":""Point"",""coordinates"":[89.31538909595454,22.056325278689798]}"
0_1_239,0.0925,0.0395,0.0417,0.0551,0.0345,0.0835,0.2251,0.2665,0.279,0.2903,0.5209887065842745,1,0.5020188425302826,0.7799043062200958,-0.67015863513918,95,Sundarbans,1,22.40042346301187,89.39940110218313,39,Sundarbans,"{""type"":""Point"",""coordinates"":[89.39940110218313,22.40042346301187]}"
0_1_243,0.1099,0.0449,0.0454,0.0716,0.0459,0.1059,0.2443,0.2789,0.2911,0.3012,0.5000000000000001,1,0.4518703241895262,0.7275964391691395,-0.605183347118831,95,Sundarbans,1,21.714848467816974,88.290936692585,21,Sundarbans,"{""type"":""Point"",""coordinates"":[88.290936692585,21.714848467816974]}"
0_1_244,0.1012,0.0418,0.0374,0.0578,0.036,0.0831,0.213,0.2494,0.2488,0.2729,0.4492105040952461,1,0.42171428571428576,0.747191011235955,-0.6229615133724723,95,Sundarbans,1,22.32253027086427,89.36820144823993,39,Sundarbans,"{""type"":""Point"",""coordinates"":[89.36820144823993,22.32253027086427]}"
0_1_254,0.0942,0.0557,0.0341,0.0607,0.0439,0.1016,0.1981,0.2263,0.2437,0.2398,0.39916889759060215,1,0.44243859129920093,0.6947148817802503,-0.6011826544021025,95,Sundarbans,1,21.626354141510376,88.58828530417702,39,Sundarbans,"{""type"":""Point"",""coordinates"":[88.58828530417702,21.626354141510376]}"
0_1_264,0.0874,0.0377,0.0246,0.0543,0.0324,0.0907,0.2318,0.2715,0.2844,0.2939,0.48674959437533805,1,0.5298547606239913,0.7954545454545455,-0.6793622674933568,95,Sundarbans,1,21.62237198714197,88.73237107989412,39,Sundarbans,"{""type"":""Point"",""coordinates"":[88.73237107989412,21.62237198714197]}"
0_1_267,0.10845,0.0506,0.0166,0.05105,0.03275,0.08845,0.2243,0.26845,0.2812,0.2876,0.4590045817321904,1,0.4433465930963686,0.7913680522376174,-0.6927012791572612,95,Sundarbans,1,21.930450428355005,89.38193875742543,14,Sundarbans,"{""type"":""Point"",""coordinates"":[89.38193875742543,21.930450428355005]}"
0_1_273,0.0834,0.0343,0.021,0.0469,0.0271,0.0903,0.221,0.2606,0.2693,0.2819,0.4751255492780916,1,0.5270768358378224,0.8171390013495275,-0.7033523086654017,95,Sundarbans,1,21.76604974258496,88.82806875348554,19,Sundarbans,"{""type"":""Point"",""coordinates"":[88.82806875348554,21.76604974258496]}"
0_1_278,0.0821,0.0418,0.0259,0.0514,0.0357,0.0904,0.2006,0.2285,0.2314,0.2493,0.39097774403644064,1,0.47623604465709723,0.7326843878697117,-0.6364922206506365,95,Sundarbans,1,21.614721969597277,88.52084421717943,45,Sundarbans,"{""type"":""Point"",""coordinates"":[88.52084421717943,21.614721969597277]}"
0_1_279,0.0933,0.0424,0.0282,0.0559,0.0323,0.0959,0.2357,0.27,0.2884,0.2939,0.5038561422837805,1,0.5111343987424679,0.7985656376676021,-0.6752831832704037,95,Sundarbans,1,22.045196420727915,89.27854686961824,37,Sundarbans,"{""type"":""Point"",""coordinates"":[89.27854686961824,22.045196420727915]}"
0_1_295,0.1304,0.0668,0.0264,0.0575,0.044,0.0991,0.1986,0.2336,0.24,0.2572,0.37519142419601836,1,0.2958963282937365,0.6901408450704226,-0.6134453781512605,95,Sundarbans,1,21.97445901022181,89.3757686533813,13,Sundarbans,"{""type"":""Point"",""coordinates"":[89.3757686533813,21.97445901022181]}"
0_1_305,0.08345,0.03905,0.0342,0.06435,0.037,0.09915,0.2141,0.2409,0.2566,0.25955,0.44922674085590375,1,0.5091898250257315,0.7479564032697548,-0.5990029599626109,95,Sundarbans,1,21.733830433714516,88.71292848141849,22,Sundarbans,"{""type"":""Point"",""coordinates"":[88.71292848141849,21.733830433714516]}"
0_1_309,0.092,0.0463,0.0351,0.0607,0.04015,0.0978,0.2108,0.2389,0.25325,0.26075,0.43281338857746354,1,0.4670528602461984,0.7263122017723245,-0.6133142220098742,95,Sundarbans,1,21.81712265019091,89.16226305138053,36,Sundarbans,"{""type"":""Point"",""coordinates"":[89.16226305138053,21.81712265019091]}"
0_1_311,0.1033,0.0493,0.03335,0.06025,0.03835,0.1071,0.2276,0.26155,0.2777,0.28785,0.47577871866738225,1,0.45774278215223096,0.7573168802404683,-0.643438378458352,95,Sundarbans,1,21.927451085361767,89.29829192630636,16,Sundarbans,"{""type"":""Point"",""coordinates"":[89.29829192630636,21.927451085361767]}"
0_1_317,0.093,0.0406,0.0368,0.058,0.0356,0.0975,0.2324,0.2689,0.2812,0.2934,0.503774204135215,1,0.5029396044895779,0.7752525252525252,-0.6580188679245284,95,Sundarbans,1,21.997661744732888,89.05075135427155,37,Sundarbans,"{""type"":""Point"",""coordinates"":[89.05075135427155,21.997661744732888]}"
0_1_319,0.0953,0.0534,0.0567,0.0769,0.0612,0.1046,0.1711,0.194,0.1909,0.2033,0.2862250077238822,1,0.33403214535290005,0.5144783815946052,-0.4256908140403286,95,Sundarbans,1,21.84547842788744,88.62989200761604,21,Sundarbans,"{""type"":""Point"",""coordinates"":[88.62989200761604,21.84547842788744]}"
0_1_321,0.09635,0.04655,0.03755,0.05715,0.0364,0.09325,0.21655,0.24945,0.2554,0.268,0.459244657873215,1,0.45216773276474775,0.7505140507196711,-0.6342985122380419,95,Sundarbans,1,21.879891147358027,88.88408746872511,24,Sundarbans,"{""type"":""Point"",""coordinates"":[88.88408746872511,21.879891147358027]}"
0_1_323,0.1044,0.0469,0.0451,0.0643,0.04045,0.0994,0.2281,0.263,0.26955,0.2886,0.48786201022146514,1,0.4416365824308063,0.7390322580645162,-0.6147970645499476,95,Sundarbans,1,22.173078785855274,88.99952812107368,62,Sundarbans,"{""type"":""Point"",""coordinates"":[88.99952812107368,22.173078785855274]}"
0_1_324,0.1628,0.0966,0.0446,0.0735,0.06886666666666666,0.1179,0.2006,0.2266,0.2396,0.2485,0.32377556954663844,1,0.19085487077534793,0.5534903825372812,-0.5305014372404984,95,Sundarbans,1,21.67577732898547,88.8921725156028,71,Sundarbans,"{""type"":""Point"",""coordinates"":[88.8921725156028,21.67577732898547]}"
0_1_328,0.0966,0.0423,0.0446,0.0652,0.035,0.0997,0.2278,0.2565,0.2764,0.2805,0.5239170066846079,1,0.48203753351206424,0.7752087347463069,-0.6182669789227166,95,Sundarbans,1,21.98125735228555,88.63903345310297,19,Sundarbans,"{""type"":""Point"",""coordinates"":[88.63903345310297,21.98125735228555]}"
0_1_334,0.114,0.05565,0.02035,0.0545,0.0343,0.0952,0.21265,0.2499,0.25765,0.269,0.42597219308450784,1,0.3865195748688282,0.7650282582634013,-0.6508089059746917,95,Sundarbans,1,22.169632110336973,89.36813713414105,12,Sundarbans,"{""type"":""Point"",""coordinates"":[89.36813713414105,22.169632110336973]}"
0_1_342,0.1045,0.04805,0.0362,0.0644,0.04175,0.1036,0.2341,0.26645,0.27555,0.2882,0.46590410904308316,1,0.4500723589001448,0.7368421052631579,-0.6211207530519194,95,Sundarbans,1,21.778971201451167,89.06153364381817,34,Sundarbans,"{""type"":""Point"",""coordinates"":[89.06153364381817,21.778971201451167]}"
0_1_349,0.09525,0.057,0.05935,0.07715,0.06815,0.0977,0.15265,0.17065,0.17485,0.17585,0.23427379514765617,1,0.29470566456867825,0.4390946502057613,-0.3876984126984127,95,Sundarbans,1,22.045072092955834,88.82261680416335,26,Sundarbans,"{""type"":""Point"",""coordinates"":[88.82261680416335,22.045072092955834]}"
0_1_352,0.092525,0.04212916666666666,0.0286,0.057283333333333325,0.03578,0.1001,0.2314,0.264675,0.27582142857142855,0.28705,0.4703000780339475,1,0.4976196709231411,0.7703476510744037,-0.6560641582799633,95,Sundarbans,1,21.651688848893574,88.97440884784838,146,Sundarbans,"{""type"":""Point"",""coordinates"":[88.97440884784838,21.651688848893574]}"
0_1_355,0.1078,0.05945,0.04325,0.06555,0.05155,0.0972,0.1851,0.20255,0.21315,0.2164,0.3372076038645327,1,0.3282442748091603,0.6105024556101247,-0.5296017222820237,95,Sundarbans,1,21.857328110361724,89.1443048552322,34,Sundarbans,"{""type"":""Point"",""coordinates"":[89.1443048552322,21.857328110361724]}"
0_1_359,0.0598,0.0321,0.0654,0.0833,0.0647,0.0892,0.1237,0.1377,0.1376,0.1419,0.17603593161402492,1,0.3941236068895644,0.3603559070687099,-0.24581258488003624,80,Sundarbans,1,21.889270623245945,88.75012081173541,29,Sundarbans,"{""type"":""Point"",""coordinates"":[88.75012081173541,21.889270623245945]}"
0_1_364,0.104,0.0477,0.0396,0.06465,0.0413,0.10545,0.234,0.26975,0.29445,0.29015,0.5082312788596667,1,0.4779771615008157,0.7539836187639612,-0.6399331662489558,95,Sundarbans,1,22.130992929786235,89.31168476344833,40,Sundarbans,"{""type"":""Point"",""coordinates"":[89.31168476344833,22.130992929786235]}"
0_1_365,0.0957,0.04725,0.0289,0.0562,0.03625,0.10035833333333333,0.219125,0.2510875,0.25935,0.27255,0.44262360130148404,1,0.46092099704267003,0.7547361299052774,-0.643796545713833,95,Sundarbans,1,21.925499965834536,88.97697023747249,68,Sundarbans,"{""type"":""Point"",""coordinates"":[88.97697023747249,21.925499965834536]}"
0_1_372,0.0965,0.0476,0.04115,0.0619,0.04335,0.0969,0.2058,0.22955,0.2456,0.25005,0.4223837270012321,1,0.43583747442268345,0.6999480879044817,-0.59739837398374,95,Sundarbans,1,21.93776997105593,89.20683813678747,36,Sundarbans,"{""type"":""Point"",""coordinates"":[89.20683813678747,21.93776997105593]}"
0_1_376,0.1397,0.059,0.0414,0.0673,0.04125,0.10555,0.23005,0.26925,0.27995,0.2974,0.49036525740580955,1,0.33420707732634336,0.7431506849315068,-0.6123830093592513,95,Sundarbans,1,21.836768333057186,88.59364030481193,26,Sundarbans,"{""type"":""Point"",""coordinates"":[88.59364030481193,21.836768333057186]}"
0_1_381,0.1096,0.05285,0.02375,0.0552,0.03735,0.09815,0.2237,0.2592,0.2706,0.2803,0.44291058238231773,1,0.4234613361388743,0.7574281539210911,-0.6611418047882137,95,Sundarbans,1,22.093863141662393,89.34399211266644,18,Sundarbans,"{""type"":""Point"",""coordinates"":[89.34399211266644,22.093863141662393]}"
0_1_396,0.1116,0.0513,0.0378,0.0555,0.0373,0.0902,0.2106,0.2427,0.2521,0.2668,0.45035223079503517,1,0.38630739620566396,0.7422252937111264,-0.6391417425227568,95,Sundarbans,1,22.174198748587692,89.20363266073657,35,Sundarbans,"{""type"":""Point"",""coordinates"":[89.20363266073657,22.174198748587692]}"
0_1_397,0.0258,0.01695,0.1073,0.12445,0.12025,0.12375,0.0823,0.0835,0.06955,0.06395,-0.12851059515360438,1,0.45883586785527003,-0.26712328767123283,0.2829896907216495,95,Sundarbans,1,21.572001319355895,88.83903485641208,54,Sundarbans,"{""type"":""Point"",""coordinates"":[88.83903485641208,21.572001319355895]}"
0_1_403,0.08895,0.04415,0.0449,0.06255,0.0443,0.09415,0.1786,0.20735,0.2079,0.22095,0.3597343770614363,1,0.4007074279939363,0.6486915146708961,-0.5374376039933445,95,Sundarbans,1,21.81635715497354,88.58965008306865,24,Sundarbans,"{""type"":""Point"",""coordinates"":[88.58965008306865,21.81635715497354]}"
0_1_409,0.09585,0.04865,0.04155,0.06495,0.0457,0.10265,0.20423333333333335,0.231325,0.24036666666666665,0.24895,0.4045638123211849,1,0.42983195360134824,0.6804940573292939,-0.5745400949833507,95,Sundarbans,1,22.17504088922054,88.98339557702417,74,Sundarbans,"{""type"":""Point"",""coordinates"":[88.98339557702417,22.17504088922054]}"
0_1_414,0.0884,0.03855,0.039,0.06205,0.0394,0.0925,0.21465,0.2465,0.2573,0.26805,0.4535048285048285,1,0.4885739080127277,0.7344118638355241,-0.61139815249726,95,Sundarbans,1,22.003559460773133,88.68056690932026,24,Sundarbans,"{""type"":""Point"",""coordinates"":[88.68056690932026,22.003559460773133]}"
0_1_424,0.06665,0.03635,0.07495,0.0925,0.07425,0.1,0.1442,0.1578,0.1616,0.1613,0.2089762912988349,1,0.4159912376779846,0.3703625185499258,-0.27194018103109013,95,Sundarbans,1,22.03214679807763,88.80960151241368,26,Sundarbans,"{""type"":""Point"",""coordinates"":[88.80960151241368,22.03214679807763]}"
0_1_432,0.10505,0.046316666666666666,0.033725,0.0586,0.0384,0.10055,0.2321,0.2705,0.2814,0.293,0.48257851830521603,1,0.4563332902057187,0.7598499061913696,-0.6552941176470589,95,Sundarbans,1,22.096423932495334,88.96808874477287,72,Sundarbans,"{""type"":""Point"",""coordinates"":[88.96808874477287,22.096423932495334]}"
0_1_436,0.0813,0.0408,0.0375,0.0619,0.0378,0.0927,0.2017,0.2299,0.2365,0.2466,0.42024449050378576,1,0.4883574575204532,0.7243893547211082,-0.5851206434316353,95,Sundarbans,1,22.114530672429773,88.81545128065547,21,Sundarbans,"{""type"":""Point"",""coordinates"":[88.81545128065547,22.114530672429773]}"
0_1_448,0.1113,0.0509,0.03165,0.0575,0.037,0.0974,0.2203,0.24895,0.2627,0.2738,0.45236806766480264,1,0.40481283422459885,0.7530864197530864,-0.6408494690818238,95,Sundarbans,1,21.93102474509538,89.28485777565766,38,Sundarbans,"{""type"":""Point"",""coordinates"":[89.28485777565766,21.93102474509538]}"
0_1_455,0.1308,0.0855,0.0517,0.0778,0.05795,0.11595,0.1892,0.21665,0.2346,0.2258,0.3696998869867314,1,0.28407224958949095,0.6038284054007862,-0.5019206145966709,95,Sundarbans,1,21.835092780850328,89.32618838865248,14,Sundarbans,"{""type"":""Point"",""coordinates"":[89.32618838865248,21.835092780850328]}"
0_1_456,0.0952,0.0433,0.0333,0.055,0.0332,0.0891,0.2041,0.2301,0.2476,0.2612,0.4477674282611419,1,0.44457409568261375,0.7635327635327634,-0.6364838070059484,95,Sundarbans,1,21.950664404830455,88.81735513759125,17,Sundarbans,"{""type"":""Point"",""coordinates"":[88.81735513759125,21.950664404830455]}"
0_1_472,0.1074,0.0482,0.0355,0.0596,0.037,0.0934,0.2238,0.2595,0.2696,0.281,0.47455828946831524,1,0.43023872679045094,0.7586431833007176,-0.637910085054678,95,Sundarbans,1,22.199478876208076,89.1851936883075,35,Sundarbans,"{""type"":""Point"",""coordinates"":[89.1851936883075,22.199478876208076]}"
0_1_479,0.1168,0.05455,0.02655,0.05645,0.03955,0.1021,0.2192,0.24895,0.26635,0.2759,0.43464096126942753,1,0.39031710818217397,0.7414187643020596,-0.6502478314745972,95,Sundarbans,1,22.028048310622744,89.36241866423185,14,Sundarbans,"{""type"":""Point"",""coordinates"":[89.36241866423185,22.028048310622744]}"
1_1_61,0.1387,0.056,0.03095,0.0493,0.0344,0.07585,0.1988,0.25175,0.2523,0.27255,0.44412286244216626,1,0.2905370843989771,0.7600279037321243,-0.673076923076923,95,Bhitarkanika,1,20.709124171618186,86.84646153128173,18,Bhitarkanika,"{""type"":""Point"",""coordinates"":[86.84646153128173,20.709124171618186]}"
1_1_149,0.12085,0.04815,0.0184,0.0521,0.02455,0.094,0.27385,0.3231,0.33765,0.35095,0.5811277330264671,1,0.4728462377317339,0.864439536167863,-0.7326491340602952,95,Bhitarkanika,1,20.401835781751,86.74613902570336,16,Bhitarkanika,"{""type"":""Point"",""coordinates"":[86.74613902570336,20.401835781751]}"
1_1_174,0.1212,0.0505,0.0275,0.0573,0.0354,0.0906,0.2582,0.3168,0.3211,0.3417,0.5381427764174044,1,0.4519556861858467,0.8014025245441796,-0.6971458773784355,95,Bhitarkanika,1,20.7487553598125,86.87821627819847,33,Bhitarkanika,"{""type"":""Point"",""coordinates"":[86.87821627819847,20.7487553598125]}"
1_1_214,0.14345,0.0593,0.0227,0.0565,0.0336,0.08975,0.2359,0.27225,0.29045,0.3099,0.48579588440006044,1,0.3387877391103941,0.7926245949699119,-0.6743046548494019,95,Bhitarkanika,1,20.382150978906523,86.75723296145719,12,Bhitarkanika,"{""type"":""Point"",""coordinates"":[86.75723296145719,20.382150978906523]}"
1_1_249,0.152,0.06455,0.0216,0.06045,0.03135,0.10805,0.2893,0.35075,0.3504,0.3735,0.5794587722484562,1,0.39490445859872614,0.8357563850687624,-0.705732018985031,95,Bhitarkanika,1,20.404244131029216,86.7229783749361,12,Bhitarkanika,"{""type"":""Point"",""coordinates"":[86.7229783749361,20.404244131029216]}"
1_1_263,0.1679,0.086,0.0293,0.0551,0.0389,0.0972,0.1973,0.2351,0.2457,0.2606,0.410529241275261,1,0.18810444874274665,0.7266338721011947,-0.6336436170212766,10,Bhitarkanika,1,20.618052965680576,86.86367700639958,23,Bhitarkanika,"{""type"":""Point"",""coordinates"":[86.86367700639958,20.618052965680576]}"
1_1_320,0.1217,0.0501,0.02505,0.0581,0.03405,0.089,0.23325,0.2762,0.29035,0.2953,0.4903292456620305,1,0.40929498847227275,0.7900739827373612,-0.6665231740565362,95,Bhitarkanika,1,20.385267155040655,86.74183932965701,14,Bhitarkanika,"{""type"":""Point"",""coordinates"":[86.74183932965701,20.385267155040655]}"
1_1_417,0.14555,0.06825,0.02895,0.06215,0.03825,0.10455,0.2361,0.27455,0.2827,0.30625,0.47188386772966817,1,0.32025685931115,0.7616451160616918,-0.6395534290271133,95,Bhitarkanika,1,20.657477604145086,86.95502299563158,16,Bhitarkanika,"{""type"":""Point"",""coordinates"":[86.95502299563158,20.657477604145086]}"
1_1_447,0.122,0.0486,0.03,0.06055,0.03485,0.0954,0.273,0.33365,0.34375,0.3648,0.5815792446435968,1,0.47611379495437467,0.8159006867406234,-0.7004699480583725,95,Bhitarkanika,1,20.735106216827948,86.90508835292549,32,Bhitarkanika,"{""type"":""Point"",""coordinates"":[86.90508835292549,20.735106216827948]}"
1_1_486,0.13435,0.054,0.02415,0.05615,0.02645,0.10335,0.2764,0.32695,0.33095,0.3537,0.5817619074912592,1,0.4225231033741672,0.8519865696698375,-0.709894084215965,95,Bhitarkanika,1,20.44838569473383,86.72834325148956,12,Bhitarkanika,"{""type"":""Point"",""coordinates"":[86.72834325148956,20.44838569473383]}"
2_1_6,0.1062,0.0416,0.0388,0.0699,0.0342,0.109,0.2635,0.313,0.3281,0.3407,0.5914432906705305,1,0.5109371402256504,0.8112061827215015,-0.6487437185929648,95,Godavari_Krishna,1,16.81907866952698,82.34465183109394,21,Godavari_Krishna,"{""type"":""Point"",""coordinates"":[82.34465183109394,16.81907866952698]}"
2_1_15,0.1245,0.0455,0.0279,0.0613,0.0321,0.0888,0.2759,0.3355,0.3489,0.367,0.5944830174516794,1,0.47401774397972113,0.8314960629921259,-0.7011214041930764,95,Godavari_Krishna,1,16.879959114975666,82.26765990407824,13,Godavari_Krishna,"{""type"":""Point"",""coordinates"":[82.26765990407824,16.879959114975666]}"
2_1_26,0.1154,0.05275,0.0351,0.0645,0.04,0.10545,0.244,0.2828,0.2927,0.3082,0.497656465398401,1,0.4344523401127175,0.7595431319507064,-0.6388577827547592,95,Godavari_Krishna,1,16.74652047159527,82.30391149580295,16,Godavari_Krishna,"{""type"":""Point"",""coordinates"":[82.30391149580295,16.74652047159527]}"
2_1_123,0.0969,0.0382,0.0264,0.052,0.0287,0.082,0.243,0.3088,0.2999,0.3402,0.5321403343536614,1,0.5115927419354839,0.8253195374315276,-0.7044614947428247,95,Godavari_Krishna,1,16.661559616515923,82.25296654124539,15,Godavari_Krishna,"{""type"":""Point"",""coordinates"":[82.25296654124539,16.661559616515923]}"
2_1_132,0.09985,0.0421,0.01455,0.05835,0.0445,0.1205,0.2126,0.24045,0.24,0.2577,0.3496378431547886,1,0.4123878181550684,0.687170474516696,-0.608848667672197,90,Godavari_Krishna,1,15.971617849030313,81.10778831718628,18,Godavari_Krishna,"{""type"":""Point"",""coordinates"":[81.10778831718628,15.971617849030313]}"
2_1_137,0.1191,0.0499,0.0338,0.0607,0.0349,0.0911,0.253,0.3061,0.3109,0.3319,0.5446795074202716,1,0.44604651162790704,0.7981492192018509,-0.6733046286329387,95,Godavari_Krishna,1,16.85639425589116,82.30015699878085,17,Godavari_Krishna,"{""type"":""Point"",""coordinates"":[82.30015699878085,16.85639425589116]}"
2_1_156,0.10835,0.0401,0.0,0.057,0.0228,0.11865,0.2638,0.2958,0.29905,0.3134,0.48098687188773204,1,0.46809032891507113,0.8583190927450677,-0.6798202499648925,60,Godavari_Krishna,1,15.99033883492465,81.10923223558201,18,Godavari_Krishna,"{""type"":""Point"",""coordinates"":[81.10923223558201,15.99033883492465]}"
2_1_164,0.1101,0.0458,0.0422,0.06445,0.03875,0.1019,0.2287,0.2709,0.27645,0.29035,0.49834374606901755,1,0.43034536282499025,0.7541243654822335,-0.6218832502200058,95,Godavari_Krishna,1,16.835250143514973,82.32853394772106,18,Godavari_Krishna,"{""type"":""Point"",""coordinates"":[82.32853394772106,16.835250143514973]}"
2_1_199,0.1209,0.0457,0.0167,0.0734,0.0314,0.1409,0.3133,0.3573,0.3538,0.378,0.5688274109883906,1,0.49062565831051186,0.8369678089304259,-0.6563670411985018,30,Godavari_Krishna,1,15.858149647319417,81.00359778129882,39,Godavari_Krishna,"{""type"":""Point"",""coordinates"":[81.00359778129882,15.858149647319417]}"
2_1_200,0.1184,0.0422,0.0316,0.0744,0.031,0.1274,0.3083,0.3487,0.3569,0.3656,0.6238992265870281,1,0.5017883442036608,0.8401649909770558,-0.6549965221423603,95,Godavari_Krishna,1,15.853435848857242,80.99208499788753,21,Godavari_Krishna,"{""type"":""Point"",""coordinates"":[80.99208499788753,15.853435848857242]}"
2_1_233,0.10435,0.0429,0.0435,0.07945,0.0453,0.12375,0.27025,0.3055,0.3339,0.3221,0.5639141818750244,1,0.5237877923559612,0.7610759493670886,-0.6155800169348009,95,Godavari_Krishna,1,16.32650005376342,81.27836518140454,22,Godavari_Krishna,"{""type"":""Point"",""coordinates"":[81.27836518140454,16.32650005376342]}"
2_1_396,0.11745,0.04945,0.0449,0.0655,0.0422,0.09865,0.24645,0.29325,0.2913,0.31905,0.5156282343200166,1,0.4253211009174312,0.7469265367316341,-0.632847533632287,95,Godavari_Krishna,1,16.78490786776863,82.30360149019327,18,Godavari_Krishna,"{""type"":""Point"",""coordinates"":[82.30360149019327,16.78490786776863]}"
2_1_458,0.105,0.0439,0.0073,0.0553,0.0252,0.1163,0.242,0.2635,0.2751,0.289,0.455506543691444,1,0.4475138121546962,0.8321678321678322,-0.6652542372881355,95,Godavari_Krishna,1,16.107548867150147,81.18007005232332,17,Godavari_Krishna,"{""type"":""Point"",""coordinates"":[81.18007005232332,16.107548867150147]}"
2_1_472,0.1065,0.04555,0.0397,0.0654,0.0399,0.09605,0.22815,0.2652,0.2678,0.28575,0.47108189672991857,1,0.43093775046753946,0.7406564835879104,-0.6074429771908763,95,Godavari_Krishna,1,16.817047484562725,82.28516194505954,20,Godavari_Krishna,"{""type"":""Point"",""coordinates"":[82.28516194505954,16.817047484562725]}"
4_1_56,0.1105,0.0622,0.0342,0.05875,0.05215,0.0888,0.15545,0.176,0.1773,0.18795,0.2536070357461296,1,0.2321056289089646,0.5454347352364349,-0.5022241050624868,95,Gulf_Kachchh,1,22.937533834618844,70.13246257242967,38,Gulf_Kachchh,"{""type"":""Point"",""coordinates"":[70.13246257242967,22.937533834618844]}"
4_1_67,0.1261,0.0752,0.0667,0.0892,0.08926666666666666,0.1218,0.1655,0.1798,0.1856,0.188,0.19725077466999738,1,0.19088867500802054,0.35047295658501093,-0.35080058224163024,95,Gulf_Kachchh,1,22.552774778207528,69.962244478057,77,Gulf_Kachchh,"{""type"":""Point"",""coordinates"":[69.962244478057,22.552774778207528]}"
4_1_189,0.0126,0.0123,0.072,0.1061,0.0984,0.10395,0.0418,0.04385,0.03815,0.0248,-0.1383721464333287,1,0.503448275862069,-0.4412303185646283,0.4710571923743501,40,Gulf_Kachchh,1,22.982069338079917,70.47495506007105,42,Gulf_Kachchh,"{""type"":""Point"",""coordinates"":[70.47495506007105,22.982069338079917]}"
4_1_359,0.11655,0.06685,0.0386,0.0668,0.05745,0.10395,0.17925,0.20065,0.21105,0.21155,0.30325765054294174,1,0.28846153846153844,0.5720670391061453,-0.5191650170955552,20,Gulf_Kachchh,1,23.082537241429225,70.35431056901781,40,Gulf_Kachchh,"{""type"":""Point"",""coordinates"":[70.35431056901781,23.082537241429225]}"
4_1_468,0.11343333333333333,0.0593,0.0552,0.0766,0.0706,0.10825,0.170075,0.18816666666666668,0.19653333333333334,0.19895,0.26102697324784435,1,0.26809334337025487,0.4714250062390816,-0.4391017817915548,95,Gulf_Kachchh,1,22.5431232734784,70.13187270351989,79,Gulf_Kachchh,"{""type"":""Point"",""coordinates"":[70.13187270351989,22.5431232734784]}"
