"Name","Area_2020_km2","Gross_Loss","Restorable_km2","OVERALL_SRE","OVERALL_SCORE_MIN","OVERALL_SCORE_MAX","Min_Score","Max_Score","Total_Fish","Fish","Crab","Bivalve","Shrimp","MeanAGB_Secure","MeanAGB_Restor","MeanSOC_Secure","MeanSOC_Restor","Area_Rank","Proportion_Restorable"
"American Samoa",0.320500793470709,0.00549183851043725,0.00408059647500068,0.830489204339112,0.830489204339112,0.830489204339112,0.697929094397329,0.890489204339112,6871.23107655628,6840.29437983047,30.9366967258034,0,0,7.33740109215714,12.6797263412319,46.1870982788524,17.0841437257693,112,1.27
"Angola",283.197564043838,14.8505468471936,8.59737551512772,0.66770731707317,0.504,0.816,0.624,0.72770731707317,0,0,0,0,0,13772.6111091433,17409.4461689806,135182.720065032,15147.9432365591,45,3.04
"Anguilla",0.0370080881222284,0.0166117167174818,0.0166117167174818,0.572,0.572,0.572,0.572,0.632,28160.8330656122,13656.6064994101,14504.2265662022,0,0,1.35981488330045,1.85841367384394,239.244418250641,28.5664977015691,119,44.89
"Antigua and Barbuda",8.68791389134089,0.944304554147876,0.944304554147876,0.612,0.596,0.632,0.572,0.672,2059130.10958176,998575.914715533,1060554.19486622,0,0,276.817278379372,378.316947118475,13691.8120806964,1634.84323351599,82,10.87
"Aruba",0.459389225599765,0.0977436884088028,0.0661010961224811,0.585167829599706,0.585167829599706,0.585167829599706,0.576721263312523,0.645167829599706,102211.905322693,49567.7016121905,52644.2037105026,0,0,40.3662613563737,30.3688165180908,879.034862578115,89.3482510205768,107,14.39
"Australia",10072.8257233921,909.738565985879,666.389576261416,0.792,0.452816835183854,0.912,0.757114275475674,0.839703703703704,2041832683.99045,701496221.889887,3109076.13532117,0,1337227385.96524,2010523.22708968,311578.530280277,11230707.1033178,226089.396911471,3,6.62
"Bahamas",1541.21516855639,167.407574791894,103.393403765851,0.755529508252742,0.624,0.822888163711191,0.729960197032456,0.815529508252742,161215841.382255,76480945.1916409,84734896.190614,0,0,40795.7061656201,4036.779905732,2283181.20491613,46026.5301548657,24,6.71
"Bahrain",0.597000348570024,0.328161471789275,0.282395688084907,0.642913443830571,0.564913443830571,0.720913443830571,0.612913443830571,0.702913443830571,2080123.68871356,708400.514593523,2881.52139762308,0,1368841.65272241,90.1833093767298,62.5507060160422,3577.51716942669,272.917460047828,104,47.3
"Bangladesh",4480.58865931968,270.013885113333,56.5168501739487,0.72446076075488,0.55548404910529,0.84012844128508,0.648,0.78446076075488,31239396.2016371,12878612.343227,52110.3863635268,0,18308673.4720465,170927.663489586,113449.018451593,674508.905204104,95497.3023800286,9,1.26
"Barbados",0.106328720045359,0.00782064352506848,0.00782064352506848,0.568,0.568,0.568,0.568,0.628,10823.2566406929,5248.74234507511,5574.51429561783,0,0,4.98977666543914,6.81936144276682,87.5706782915137,10.4562003930166,116,7.36
"Belize",526.010901881501,32.8548886051786,23.8853856840987,0.685266238689309,0.576635280771412,0.783124997729366,0.608,0.745266238689309,48233974.4002828,23339707.4249713,24894266.9753115,0,0,6340.23979178666,6638.99534152975,411065.142539767,68921.3891531932,39,4.54
"Benin",29.0636954380937,6.35196299265646,0.564100730339962,0.611639749379845,0.611639749379845,0.611639749379845,0.575364906017442,0.671639749379845,0,0,0,0,0,252.364425184115,378.451785165836,10523.6500004283,1681.40409215661,72,1.94
"Bermuda",0.209411956047962,0,NA,NA,NA,NA,NA,NA,NA,NA,NA,NA,NA,NA,NA,NA,NA,114,NA
"Bonaire, Sint Eustatius and Saba",1.98266317980375,0.503257715095222,0.503257715095222,0.584,0.584,0.584,0.524,0.644,814550.933168137,395016.778874637,419534.1542935,0,0,258.720471648137,353.584644585787,6944.59266008899,829.205093741969,94,25.38
"Brazil",11414.9101060819,860.457078272442,454.307063210984,0.735021834061135,0.468,0.90356237749623,0.663737991266376,0.788,1037501392.28377,443733073.92392,593768318.359848,0,0,1075416.13121133,438893.654950025,9916669.72276517,1310806.06406301,2,3.98
"Brunei Darussalam",109.579578581095,1.82103774351002,1.73941736374316,0.770681569923288,0.724,0.817363139846576,0.632005588721233,0.830681569923288,5217972.33976437,1747404.70992408,7107.82101117296,0,3463459.80882911,3141.43779024159,9476.61124367727,26671.240033093,14147.29908952,58,1.59
"Cambodia",628.174872948137,29.3042583995649,22.7640705122353,0.747873757290924,0.710975642314064,0.810332133248095,0.63132765235248,0.807873757290924,65126391.149695,21808623.8616108,88735.361143469,0,43229031.9269407,18266.4698448343,53110.676201965,300665.590477569,157082.892021964,34,3.62
"Cameroon",1972.09693295785,30.8304422341673,24.4952340367356,0.717895450686212,0.563817993293342,0.842752073626232,0.674898105258633,0.777895450686212,0,0,0,0,0,121270.631545315,27294.7708129035,538793.926206189,14725.4142863096,21,1.24
"Cayman Islands",44.8850556368012,2.26644040337725,1.46458042805451,0.578985236508424,0.56,0.597970473016847,0.564362915022513,0.638985236508424,3339692.65519394,1619585.19887139,1720107.45632255,0,0,757.973998247241,929.284107340086,27450.4702064902,3116.07510807626,69,3.26
"China",215.871525859052,83.4405635826053,40.5111910477728,0.762594222187427,0.614594222187427,0.858594222187427,0.661575667423471,0.805341715609232,53801261.3959776,14955397.8525861,121732.361653671,0,38724131.1817378,29046.6753003923,71067.7671215158,529872.243190696,229608.042020571,50,18.77
"Colombia",2807.52379812559,170.769718600326,102.686607927572,0.798019217756124,0.486219352127399,0.904,0.757876843957234,0.804,598643273.766826,244421393.959543,326962334.489614,27259545.3176688,0,118320.504190328,65114.796441863,2225162.87579378,252277.385154662,15,3.66
"Comoros",0.969443801004775,0.0332211537641135,0.0284101459477816,0.825920909911097,0.801920909911097,0.829920909911097,0.758461869088771,0.825920909911097,103342.230793439,35193.911722908,143.156318504098,0,68005.1627520267,174.772352035767,101.074469030166,552.159177343963,51.5248977190974,103,2.93
"Congo",20.5712452453731,0.559042543219391,0.164566666035843,0.72770731707317,0.632,0.775707317073171,0.67970731707317,0.78770731707317,0,0,0,0,0,647.827669017737,347.464295892405,2728.00964209303,185.778759487864,74,0.8
"Congo, The Democratic Republic of the",237.227198941881,4.69627806325219,0.298532330379765,0.771853658536585,0.72770731707317,0.816,0.729853658536585,0.831853658536585,0,0,0,0,0,763.011961609425,44.3364816034576,6265.46823634555,33.3415630749413,49,0.13
"Cook Islands",0.032715371710911,0,NA,NA,NA,NA,NA,NA,NA,NA,NA,NA,NA,NA,NA,NA,NA,120,NA
"Costa Rica",371.112225504309,28.7155373719649,18.9089991275091,0.74558083413276,0.612,0.864,0.68597032755491,0.782801326944342,55357181.1103799,5392968.34057091,17736968.0185218,32227244.7512872,0,21045.3745163788,41093.4246686653,308155.721704975,111313.464873639,41,5.1
"Côte d'Ivoire",54.5341198827301,6.53515678832018,5.86898089502475,0.668,0.524,0.823919206976224,0.636,0.728,0,0,0,0,0,7079.35731631339,9677.15795297203,132198.43563312,15816.3270413458,68,10.76
"Cuba",3596.94997376694,382.254189015142,250.653051410123,0.60834252255786,0.399072422457667,0.804,0.562014781068249,0.66834252255786,874143092.098611,420733771.432912,453409320.665698,0,0,160302.505259632,69802.0268803667,5224518.50025607,309752.15937054,11,6.97
"Curaçao",0.444414987440379,0.000923515328972515,0.00062454544661422,0.637167829599706,0.633167829599706,0.641167829599706,0.568721263312523,0.697167829599706,1821.67527585618,883.422104527546,938.25317132863,0,0,0.401624130403391,0.302154549755758,9.86278714864555,1.00248900178449,108,0.14
"Djibouti",7.5163980955372,1.68363569943393,1.68363569943393,0.699096774193548,0.62,0.775096774193548,0.683096774193548,0.759096774193548,20135931.10334,7255342.68019834,29729.4033579417,0,12850859.0197837,2072.39614845016,1820.88368162358,15028.4587867746,1221.93306044162,83,22.4
"Dominica",0.0143003897905963,0,NA,NA,NA,NA,NA,NA,NA,NA,NA,NA,NA,NA,NA,NA,NA,121,NA
"Dominican Republic",192.006203521368,8.77645573702859,6.86180717924293,0.650985236508424,0.464,0.744,0.60827089158572,0.710985236508423,13464862.875179,6529790.27383178,6935072.60134725,0,0,5018.65953710901,2048.89402099123,139247.339814754,6901.72972251934,52,3.57
"Ecuador",1535.41933379632,150.109546560411,120.224769071037,0.781469249245279,0.565699261353705,0.826019217756124,0.689268901081951,0.816,706485934.736122,72572812.0934092,230125640.366375,403787482.276338,0,85564.3565423531,212705.279808221,1467391.77564587,680947.305269576,26,7.83
"Egypt",2.23537792413573,0.722618257543144,0.722618257543144,0.738,0.672,0.78,0.714,0.798,2416630.77888956,2410130.52648504,6500.2524045248,0,0,1322.6258445863,38.3369810025014,6703.77735754828,0,93,32.33
"El Salvador",370.592343176929,14.8787831039561,14.191352542941,0.716,0.525229521548022,0.862724812230557,0.676585089514705,0.776,41892800.4627033,4081250.92465826,13422852.2317939,24388697.3062511,0,11575.8930776584,19467.6928054076,213329.116489477,47790.0985309737,42,3.83
"Equatorial Guinea",254.665144105547,2.62423695038378,2.51788604741639,0.754645596095843,0.662599098412759,0.808485815276912,0.677579469171914,0.814645596095843,0,0,0,0,0,4224.84241833057,5209.3535037863,58733.1753486938,7913.94473348578,47,0.99
"Eritrea",77.96734430646,17.5998942560829,10.8876063609183,0.715827725437416,0.579827725437416,0.816,0.663967698519516,0.775827725437416,105153215.534992,38289494.8670633,156345.613844422,0,66707375.0540842,12552.7253670694,5850.45579989608,129441.001094096,9791.69156564968,63,13.96
"Fiji",488.143237487508,19.3951091821636,14.9065267714343,0.704237918215613,0.680237918215613,0.728237918215613,0.664237918215613,0.764237918215613,23023695.3238798,22922769.9568319,100925.367047852,0,0,28483.116366963,27835.8565856603,311776.622717087,30286.5638900053,40,3.05
"French Guiana",629.522079144757,123.901354411554,53.845920867319,0.765619593472855,0.515438581721122,0.827965928910481,0.667716287116835,0.825619593472855,27657884.1309868,12047884.3673838,15609999.763603,0,0,84223.7220686121,118180.755130938,995790.247236472,368632.315185605,33,8.55
"French Polynesia",1.25201560780617,0.0265653465677632,0.0197388286919885,0.716489204339112,0.698489204339112,0.734489204339112,0.583929094397329,0.776489204339112,0,0,0,0,0,33.567839931718,58.0084172658099,265.848126642217,98.3345517261405,100,1.58
"French Southern Territories",6.72301757404084,0,NA,NA,NA,NA,NA,NA,NA,NA,NA,NA,NA,NA,NA,NA,NA,86,NA
"Gabon",1747.98531835653,28.7282068539777,18.0600019296338,0.716183581925784,0.632,0.775707317073171,0.679119657975156,0.776183581925784,0,0,0,0,0,48352.8254876585,45171.3943232345,422809.496437183,40548.7568471572,23,1.03
"Gambia",610.571954882918,23.9648914273746,4.79313732936509,0.69555724852844,0.675384615384615,0.710420032842605,0.663846153846154,0.75555724852844,0,0,0,0,0,3978.49855679414,4216.91531291459,62401.6401328472,6399.38485535491,35,0.79
"Ghana",179.524840093549,39.0936197766839,32.9196413650659,0.68,0.478162343300814,0.728,0.644,0.74,0,0,0,0,0,10732.0568993814,14789.7591946643,639874.036325822,78984.7171820908,54,18.34
"Grenada",1.9301793311446,0.118102712663002,0.118102712663002,0.62,0.596,0.62,0.56,0.68,162783.672486228,80188.7468806337,82594.9256055943,0,0,92.9616880401728,127.04764032157,1894.1797551859,226.170717037123,95,6.12
"Guadeloupe",34.2033750028137,1.25359437933292,1.25359437933292,0.608,0.604,0.632,0.572,0.668,1861904.91005666,902931.480639082,958973.429417577,0,0,577.116349375457,788.725677479791,22474.9038698219,2683.57061132202,71,3.67
"Guam",0.522137686896743,0.0220481685035027,0.0178340527361739,0.747052840223838,0.733052840223838,0.761052840223838,0.598419002616321,0.807052840223838,42628.54710065,22947.8084099254,95.2705328095467,0,19585.4681579151,17.44425316203,40.9306337325814,374.424975742131,176.534065912256,105,3.42
"Guatemala",249.410890450885,15.6427993040718,15.2680600039966,0.807782395164337,0.570765691463371,0.843782395164337,0.706961675691559,0.867782395164337,59260258.5080761,6082278.23609902,19144822.268254,34033158.003723,0,11549.543338894,23971.1285093466,241875.012623282,84559.4747068058,48,6.12
"Guinea",2205.82361217393,132.224187727554,101.630267978123,0.768456300649435,0.733224841913199,0.84714148797151,0.709617329088275,0.768456300649435,0,0,0,0,0,70769.1238193619,115908.920840936,1422919.61481962,331057.888376383,20,4.61
"Guinea-Bissau",2693.76536959058,146.286986813366,120.641167411137,0.760349553113583,0.632,0.830221282921481,0.702236564591189,0.765029136744648,0,0,0,0,0,105752.581664076,171693.20176878,1299161.84970073,304229.829490402,17,4.48
"Guyana",273.433567054315,45.5153973805023,16.4905793320358,0.743440606396589,0.596,0.832,0.680810220842778,0.803440606396589,24215289.1206888,10442276.7950333,13773012.3256555,0,0,26452.1960647583,16234.0890675006,381850.115485004,38976.0082001075,46,6.03
"Haiti",153.849579467108,16.7649587365907,8.42084982897028,0.645970473016847,0.497473824422193,0.729970473016847,0.600725830045025,0.705970473016847,20979507.351529,10174019.915667,10805487.435862,0,0,2905.21124694779,2821.20623660966,158759.304992306,15258.4942497018,56,5.47
"Honduras",606.571999708569,73.5987905603929,66.7438901486165,0.642635280771412,0.536,0.843750659998934,0.586411798071469,0.702635280771412,548934194.412289,63013847.6897549,181452748.51653,304467598.206004,0,32990.3399273836,73391.8383695539,757128.529945337,314360.541588425,36,11
"India",4035.90687729906,418.065890521273,170.969812153222,0.717225663716814,0.478791779444951,0.924,0.686597420277739,0.7559998614165,1754061309.36229,586961417.187113,2412878.44926622,0,1164687013.72591,216381.120159452,78809.2139528378,2646243.38251715,304318.065303055,10,4.24
"Indonesia",29533.0135215795,2493.19439704868,2032.03788659518,0.773103222861522,0.504,0.904899032874942,0.677952192745851,0.82964483340742,20269225299.2729,6718048680.47417,28957673.189756,0,13522218945.609,3107830.76305839,6498037.60035848,33515131.9615698,15513679.6031356,1,6.88
"Iran, Islamic Republic of",111.767485187145,39.0835915783928,35.3227231870552,0.724913443830571,0.681924050632911,0.864,0.716,0.784913443830571,347612848.945453,118367799.791233,481478.119879277,0,228763571.034341,27296.0567351455,939.639153375432,446124.747735253,1110.07681942257,57,31.6
"Jamaica",99.4505496681984,10.7700221352331,6.69635200039815,0.588,0.524,0.669970473016847,0.552,0.648,14275964.1563987,6923134.14270725,7352830.01369144,0,0,3075.17942078928,3991.20208289173,129390.518297722,15100.7753267811,59,6.73
"Japan",10.3113315828307,0.580650816146583,0.464587661851621,0.809052840223838,0.709052840223838,0.837052840223838,0.677754707694131,0.869052840223838,1074842.72505543,372370.284974256,1516.08271015408,0,700956.357371024,561.569915601961,1310.14094569755,6177.88652431445,2886.1436509021,80,4.51
"Kenya",544.285939468299,27.6372886715203,14.8120056192892,0.708,0.608,0.850574390780324,0.672,0.728,96755046.8404789,16244179.4992898,49486317.9106264,0,31024549.4305627,11481.8099122457,7836.05887242922,354840.5374349,30115.7103448013,37,2.72
"Kiribati",1.46482618609747,0,NA,NA,NA,NA,NA,NA,NA,NA,NA,NA,NA,NA,NA,NA,NA,98,NA
"Liberia",183.310522131354,10.0923429796327,5.67909930020744,0.755919206976224,0.524,0.823919206976224,0.668222702541552,0.815919206976224,0,0,0,0,0,2814.28272767247,4533.11104616799,102603.419497162,20546.4244286863,53,3.1
"Madagascar",2775.67613623715,133.374771411633,112.85578087078,0.748757305072877,0.62,0.872401344340314,0.700750919722454,0.753920909911097,1940250205.16626,299926688.65505,1039144655.5223,0,601178860.988911,274662.229494065,151385.657878869,2068080.58047504,167592.275438793,16,4.07
"Malaysia",5253.35069472486,194.191753445219,138.605957849672,0.80690580335254,0.588967081355829,0.902147899724854,0.691089676257203,0.858071583070176,1498072296.85493,503930463.507291,2106194.08672881,0,992035639.260906,204948.148737279,565892.590944036,2329124.59167004,1168267.19126161,7,2.64
"Maldives",0.973440771478837,0,NA,NA,NA,NA,NA,NA,NA,NA,NA,NA,NA,NA,NA,NA,NA,102,NA
"Marshall Islands",0.325446443471506,0,NA,NA,NA,NA,NA,NA,NA,NA,NA,NA,NA,NA,NA,NA,NA,110,NA
"Martinique",19.4062809037196,0.772238636206185,0.772238636206185,0.596,0.596,0.596,0.572,0.656,1011773.50917607,490662.34794575,521111.161230317,0,0,578.522093199406,790.646860705855,13490.268318436,1610.77830667893,75,3.98
"Mauritania",3.43163054041957,0.383109958324465,0.0655751080739702,0.597384615384615,0.483384615384615,0.711384615384615,0.573846153846154,0.657384615384615,0,0,0,0,0,22.3490725656949,27.7862876922621,825.538334095193,118.788691821223,90,1.91
"Mauritius",4.31726077532901,1.40234805032815,1.04586780081736,0.631841622255457,0.619841622255457,0.643841622255457,0.580344996103048,0.691841622255458,1560002.42314319,841044.982060118,3489.56126205625,0,715467.879821011,2893.76988680628,1621.96674756621,11443.558151883,994.150702459416,88,24.23
"Mayotte",6.76035875634467,0.400538389779392,0.342533380752546,0.801920909911097,0.801920909911097,0.801920909911097,0.766461869088771,0.801920909911097,1229200.00454026,418612.56639657,1702.76706825624,0,808884.671075435,1083.12774958659,626.395198703394,5893.54515523736,549.957917546885,85,5.07
"Mexico",10057.8534016418,811.799262311946,661.060608067615,0.687176779177608,0.404,0.876,0.617090714190004,0.747176779177608,1234340675.5443,423422122.210454,525192190.632091,285726362.701754,0,188155.913883852,244250.553077791,9707265.86623743,1743404.25918037,4,6.57
"Micronesia, Federated States of",87.9442992436808,3.12995693224329,2.53172126214076,0.785052840223838,0.749052840223838,0.809052840223838,0.672419002616321,0.845052840223838,10063813.3283792,3750852.48998996,15326.5636481102,0,6297634.27474117,4719.22107120485,11073.0283133593,22392.9434990137,10557.8356673163,60,2.88
"Mozambique",3027.35016122497,272.402057300471,160.281484836029,0.740916988106017,0.495190233258648,0.9,0.704,0.743429019919468,1448106632.78679,270587817.204865,925508859.863968,0,252009955.717954,232998.505983102,123777.056791415,2778914.51771139,171836.533134302,12,5.29
"Myanmar",5438.552507615,634.41180943529,602.983168437166,0.840237403369615,0.68,0.903934459993605,0.725773362918986,0.868027660655153,3583739157.92766,1201061402.81061,4925615.22720038,0,2377752139.88985,511795.208604292,1315347.94481751,5967869.46063225,2917068.95439715,6,11.09
"New Caledonia",334.133391747527,15.1808170442556,11.711268618338,0.68,0.632237918215613,0.83846136755186,0.64819847223429,0.74,21935230.0469479,9189090.88911846,37528.8617692711,0,12708610.2960602,17431.0716948737,15457.7192034073,234911.381771054,21326.706180313,43,3.5
"New Zealand",296.08457693304,25.3829959664153,12.8884014887219,0.692,0.604,0.752,0.662,0.74,0,0,0,0,0,18178.4985828678,24843.9480632526,134925.909138972,16110.5563151012,44,4.35
"Nicaragua",749.101186792826,69.9921459267914,60.5011782335149,0.740165257508382,0.576,0.891782395164337,0.694961675691559,0.800165257508382,625200065.011688,70678513.0205566,205227486.512999,349294065.478133,0,31270.3307685479,65470.1915736604,699802.707353744,279255.574620806,32,8.08
"Nigeria",8440.20536299146,304.536170866541,202.988463746804,0.692,0.611639749379845,0.842752073626232,0.668,0.752,0,0,0,0,0,382968.276465448,207189.54089937,4565695.39241502,326947.171544142,5,2.41
"Oman",1.44089039522316,0.48155735099499,0.394264004680225,0.733924050632911,0.644,0.777924050632911,0.680524420392001,0.793924050632911,1925158.7071901,655626.11793104,2666.85391772034,0,1266865.73534134,343.874085662601,215.72695757916,2472.03007751789,167.843471963036,99,27.36
"Pakistan",829.930992905797,227.863480883705,118.981022503094,0.729924050632911,0.592,0.841930063877137,0.729924050632911,0.789924050632911,2241367234.62692,742633993.959991,3138871.65238731,0,1495594369.01454,51797.5571711561,9255.31471332975,2124798.67824706,45892.3947061624,30,14.34
"Palau",56.877171475371,1.69986304836022,1.37496442137193,0.833052840223838,0.749052840223838,0.845052840223838,0.720419002616321,0.893052840223838,6192529.46668633,2096143.55069449,8526.36660954652,0,4087859.5493823,2517.94148760588,5908.01680255335,17395.1969745679,8201.49575540054,66,2.42
"Panama",1535.68677942737,63.8181499083735,34.0379787153261,0.789059871638825,0.521976491228448,0.9,0.709867754748955,0.790427380647619,33457906.2336037,4868027.51486915,11547159.1358097,17042719.5829248,0,81444.7279542842,74849.5196126448,689983.472181589,104314.945155217,25,2.22
"Papua New Guinea",4621.78748278521,166.737310755942,45.8222779784598,0.704,0.512,0.859956033510808,0.660887177959525,0.764,367291112.992887,126853142.164244,518534.53618563,0,239919436.292457,266042.78121482,80741.5928481152,1126976.67912972,49410.6971574423,8,0.99
"Peru",54.9388808318858,11.0083303281701,8.66009197914586,0.740844064011909,0.632844064011909,0.836844064011909,0.645272794938593,0.800844064011909,55015997.3316956,6238704.33927559,17738477.6734132,31038815.3190068,0,5544.80471300213,15856.8707927571,95848.271080274,51103.2759969097,67,15.76
"Philippines",2847.98636347276,254.969192014904,230.776541161914,0.784764401145958,0.5,0.897327506106899,0.668,0.844764401145958,904135492.214287,302836516.556511,1231860.0778794,0,600067115.579897,223307.652894583,519742.069429283,3757074.94798748,1652858.19745032,14,8.1
"Puerto Rico",82.8447091525954,11.2627072312354,9.72569861279897,0.669970473016847,0.456,0.705970473016847,0.608725830045025,0.729970473016847,15594707.2135438,7218265.22022662,8376441.99331719,0,0,2803.5887572829,3591.93612196887,175259.375461403,19051.4500215224,61,11.74
"Qatar",4.53508270343256,0.400360658521355,0.387152502704459,0.644913443830571,0.6,0.728913443830571,0.62,0.704913443830571,3075329.07133866,1072628.74338305,4369.90560372821,0,1998330.42235188,81.4188937711527,103.255083746182,2977.26614644108,322.460273311679,87,8.54
"Saint Kitts and Nevis",0.345500335227309,0.0514228689333908,0.0514228689333908,0.6,0.6,0.6,0.54,0.66,85473.7729324342,41450.5380660621,44023.2348663721,0,0,10.3795721908947,14.1854153275561,728.322792587295,86.9639155328113,109,14.88
"Saint Lucia",1.62372281914312,0.0266057436742494,0.0266057436742494,0.62,0.608,0.632,0.56,0.68,35946.0933040436,17432.0713560087,18514.0219480349,0,0,22.4942656752353,30.7421630894883,308.75773858244,36.8665956516347,97,1.64
"Saint Martin (French part)",0.0103731439965042,0.00269524540407058,0.00269524540407058,0.572,0.572,0.572,0.512,0.632,4567.35290522961,2214.93949505439,2352.41341017522,0,0,0.559076401819334,0.764071082486423,43.4113156449454,5.18344067402333,122,25.98
"Saint Vincent and the Grenadines",0.325033017959456,0.0221132216446884,0.0221132216446884,0.59,0.572,0.62,0.53,0.65,31234.705088872,15147.2818836715,16087.4232052005,0,0,15.7500593557938,21.5250811195849,354.581459504571,42.3380847169637,111,6.8
"Samoa",2.32184451103715,0.188442380658906,0.140018194780502,0.798489204339112,0.782489204339112,0.842489204339112,0.665929094397329,0.858489204339112,218166.963074794,217191.89281968,975.070255114117,0,0,247.690730615939,428.033119904934,1714.53092953415,634.187769181633,92,6.03
"Sao Tome and Principe",0.483852078433015,0,NA,NA,NA,NA,NA,NA,NA,NA,NA,NA,NA,NA,NA,NA,NA,106,NA
"Saudi Arabia",76.0079443104073,52.4995693032911,45.2474419512646,0.719913862718708,0.564,0.82,0.687983849259758,0.779913862718708,561001084.888061,199191513.709307,811203.83642526,0,360998367.342328,25769.5838772549,7286.44994329963,295529.907596892,13233.9447613854,64,59.53
"Senegal",1268.71112590313,49.8621073642583,13.2987892247038,0.69555724852844,0.483384615384615,0.744905613434191,0.67155724852844,0.75555724852844,0,0,0,0,0,4993.65537761168,6767.91016213662,194505.428138929,35512.1529730454,28,1.05
"Seychelles",3.83049568821704,0.0216403428200377,0.016139315592039,0.747841622255457,0.739841622255457,0.755841622255457,0.678344996103048,0.807841622255458,72874.401738234,24817.8817308633,100.950318044582,0,47955.5696893262,17.8677081761607,10.0149043118748,349.237428196715,30.3397448554718,89,0.42
"Sierra Leone",1529.41029500709,99.445176267001,71.8898886703698,0.692,0.640071616532129,0.749842605659299,0.668,0.752,0,0,0,0,0,59907.8199990811,83500.9057543121,1334261.35429731,170551.241134337,27,4.7
"Singapore",7.14029729110924,1.41541332595525,0.884578651363502,0.779765426651382,0.776483968924623,0.783046884378141,0.673898435378802,0.839765426651382,1745038.37897018,570743.669448579,2523.94341354558,0,1171770.76610806,1325.99286699959,3739.01588442485,15275.3816890366,7522.8668138576,84,12.39
"Sint Maarten (Dutch part)",0.0542523432036897,0,NA,NA,NA,NA,NA,NA,NA,NA,NA,NA,NA,NA,NA,NA,NA,118,NA
"Solomon Islands",526.505494818782,22.491609361697,14.6784757723514,0.733684594348222,0.596,0.828,0.703684594348222,0.793684594348222,99305463.9291762,33808532.5536024,137586.659464609,0,65359344.7161091,80608.0267845765,9443.38927755368,380425.327547086,5553.79515391046,38,2.79
"Somalia",35.1321735775545,3.00668677082677,2.73350467508326,0.711096774193548,0.627096774193548,0.789617433414043,0.699096774193548,0.771096774193548,19443817.5637573,6852828.93743746,2451938.28090226,0,10139050.3454175,1717.64120794573,1116.2233451974,38264.3517377199,3103.73590872181,70,7.78
"South Africa",26.4318278914936,2.55780055658321,1.16973104075986,0.656,0.44,0.731598253275109,0.603371179039301,0.716,4511649.13626529,505170.713354768,4006478.42291052,0,0,2379.28900301953,3248.38084399564,15702.383745364,1953.65603540091,73,4.43
"Sri Lanka",198.745065422226,77.3645911177031,65.3990698338505,0.68253829321663,0.502511942279239,0.75453829321663,0.555898562206987,0.74253829321663,305926528.842916,102449270.057836,416727.201295031,0,203060531.583785,23843.933515204,46129.800764576,724992.600635925,195090.977227796,51,32.91
"Sudan",9.33445388930918,8.45166196627453,6.22480908053711,0.684,0.627827725437416,0.78,0.684,0.744,45090134.6326321,30429833.2144493,125942.606120498,0,14534358.8120623,2303.75098519738,849.626572133472,72701.3784760584,4757.53222882711,81,66.69
"Suriname",799.340224317574,120.653714219597,83.9805333446975,0.775065428035446,0.604494833926394,0.859065186881355,0.734274287738923,0.835065428035446,95231349.4785579,39732840.4788364,55498508.9997215,0,0,117493.251726965,100271.208023851,1956618.27474398,419304.597829845,31,10.51
"Taiwan, Province of China",1.63158600265952,0.961792049976606,0.550847215216427,0.762594222187427,0.693341715609232,0.793341715609232,0.693575667423471,0.793341715609232,1031508.80562685,345433.671915922,1405.10134673798,0,684670.032364191,542.135424009418,1099.53402911339,5476.53158063629,1964.34969920122,96,33.76
"Tanzania, United Republic of",1107.88422736931,66.0138984214405,54.1240807215469,0.74,0.564,0.904,0.715114410098843,0.74,1065778791.81313,180290759.293549,553431606.474612,0,332056426.044968,153923.655341063,94346.3128599916,1064852.25516349,91083.0448005116,29,4.89
"Thailand",2527.96550967206,144.970885701795,119.229270659187,0.746136498229375,0.56,0.879256525553967,0.636867878626152,0.806136498229375,362692901.381085,112675087.135477,601832.317447693,0,249415981.92816,106433.115291924,317024.049459841,1714968.30495828,900019.943790184,18,4.72
"Timor-Leste",10.4983563840268,0.698074664841892,0.591029969360131,0.692,0.6,0.852,0.656,0.752,2819699.31474717,944266.382098415,3840.9398765527,0,1871591.9927722,978.824261039944,1798.89421026905,8840.58374194727,1911.80417546629,78,5.63
"Togo",0.166577778510338,0.0612877932231259,NA,NA,NA,NA,NA,NA,NA,NA,NA,NA,NA,NA,NA,NA,NA,115,NA
"Tonga",10.4309353355606,1.08730110282795,0.835668561887769,0.706237918215613,0.692237918215613,0.728237918215613,0.670237918215613,0.766237918215613,803775.238323713,800156.359769538,3618.87855417512,0,0,1360.29140447483,1329.37969152794,15171.3145908521,1473.76985691503,79,8.01
"Trinidad and Tobago",82.231593847093,3.94659506384125,2.37066632232142,0.75673676066557,0.645167829599706,0.892038169134568,0.688407722123593,0.81673676066557,1688640.08856638,816087.56501824,872552.523548144,0,0,3233.98618946931,3306.23552626483,48607.4160205504,5424.64141887294,62,2.88
"Turks and Caicos Islands",164.663748459893,49.5607106345192,48.234574221319,0.691447411385152,0.647059016505485,0.732,0.667447411385152,0.751447411385152,83031815.852654,40266310.069351,42765505.7833031,0,0,19102.7481448099,3825.13191821455,1152084.86583078,28613.9900865217,55,29.29
"Tuvalu",0.089117150126213,0,NA,NA,NA,NA,NA,NA,NA,NA,NA,NA,NA,NA,NA,NA,NA,117,NA
"United Arab Emirates",74.4439842106577,21.7375116861905,18.3149515100637,0.656913443830571,0.548913443830571,0.692913443830571,0.632913443830571,0.716913443830571,191702099.816512,63456241.7302144,230295.08236443,0,128015563.003933,3986.64232281478,3048.71720292181,137772.980846381,12012.3140125521,65,24.6
"United States",2329.12456405456,170.20414041278,95.5834473780328,0.66,0.426287262139934,0.859851502651738,0.617929094397329,0.72,148085446.516984,105193808.863964,42891637.65302,0,0,50077.8510496895,16407.8410169576,2660576.57083786,111229.853480124,19,4.1
"Vanuatu",15.8367315456498,1.03387230534533,0.794604714679695,0.716237918215613,0.704237918215613,0.732237918215613,0.676237918215613,0.776237918215613,1833737.83996331,844767.215373546,3506.42622730796,0,985464.198362453,1662.71975436509,1624.93555931029,14026.8707101084,1362.59643919499,77,5.02
"Venezuela, Bolivarian Republic of",2863.05046418669,121.797731540966,51.0382715738632,0.608934119780147,0.396,0.808,0.556360631656261,0.668934119780147,161483621.665089,81445275.7231696,80038345.9419191,0,0,78436.3481832699,35271.1367856521,969367.100887363,101075.78171821,13,1.78
"Viet Nam",1870.15849439523,225.861805468327,155.634903307918,0.735091804199982,0.587399121121881,0.855146510018321,0.612787833711736,0.795091804199982,2453333679.27963,815955178.151385,3472385.62621368,0,1633906115.50203,109127.822006964,331011.264776889,2235555.50181705,1186901.13226382,22,8.32
"Virgin Islands, British",0.973767234982833,0.220762596399194,0.220762596399194,0.588,0.584,0.596,0.536,0.648,379355.953620736,183968.811211523,195387.142409212,0,0,30.6763094866638,41.9242896317738,3413.47776157806,407.579434218276,101,22.67
"Virgin Islands, U.S.",2.6158492301834,0.504738602699801,0.504738602699801,0.584,0.584,0.596,0.56,0.644,830104.110311246,402559.297931661,427544.812379585,0,0,179.289545120528,245.029044998055,7186.79603173678,858.124899311855,91,19.3
"Wallis and Futuna",0.29362414463561,0,NA,NA,NA,NA,NA,NA,NA,NA,NA,NA,NA,NA,NA,NA,NA,113,NA
"Yemen",16.5969893363003,5.78164892738403,3.27697092315224,0.699827725437416,0.619096774193548,0.763827725437416,0.659967698519516,0.759827725437416,76671578.2776648,26111036.4740789,106210.411715112,0,50454331.3918707,1524.73854669672,1256.91222032615,27602.522575914,4361.4835887341,76,19.74
